name,address,show,lat,lng
고사리 익스프레스,서울 중구 퇴계로85길 12-10,빕구르망,37.5662676217473,127.020008547897
미진,서울 종로구 종로 19,빕구르망,37.570844667978704,126.9799234417087
정면,서울 광진구 능동로13길 88,빕구르망,37.545486748035565,127.0686938728959
안덕,서울 종로구 자하문로17길 18,빕구르망,37.58148142147668,126.96967030315092
안암,서울 성북구 안암로 145,빕구르망,37.5888363125305,127.0333557589
용금옥,서울 중구 다동길 24-2,빕구르망,37.56766244982672,126.9805083657016
필동면옥,서울 중구 서애로 26,빕구르망,37.5603983847784,126.99693958989
황생가 칼국수,서울 종로구 북촌로5길 78,빕구르망,37.58006016029821,126.98064098689736
개성만두 궁,서울 종로구 인사동10길 11-3,빕구르망,37.5742836683493,126.985392432243
호라파,서울 종로구 자하문로 37-1,빕구르망,37.5793815674708,126.971115709089
소바키리 스즈,서울 중구 동호로12길 98,빕구르망,37.5594931690156,127.012431633842
우래옥,서울 중구 창경궁로 62-29,빕구르망,37.56821185731751,126.99871865898974
금돼지식당,서울 중구 다산로 149,빕구르망,37.55705875134064,127.01167974212188
자하 손만두,서울 종로구 백석동길 12,빕구르망,37.5931212602688,126.966044472281
유림면,서울 중구 서소문로 139-1,빕구르망,37.5642378538134,126.9760949785008
유한,서울 동작구 노량진로 74,빕구르망,37.51278373200368,126.93400095646405
면서울,서울 강남구 선릉로 805,빕구르망,37.52406726965386,127.03903976108064
대성집,서울 종로구 사직로 5,빕구르망,37.57270495616192,126.96088845235444
할매집,서울 종로구 사직로12길 1-5,빕구르망,37.5756722533152,126.9714409052
만두집,서울 종로구 북촌로2길 5-6,빕구르망,37.5781652360883,126.986084505317
서령,서울 중구 소월로 10,빕구르망,37.55846234223722,126.975496980764
맷돌,서울 성동구 성덕정길 63,빕구르망,37.5380617190641,127.050648024845
계월,서울 마포구 월드컵로19길 18,빕구르망,37.5566451465695,126.908101771846
곰탕랩,서울 강남구 테헤란로 517,빕구르망,37.508615401380034,127.05976342021437
능동미나리,서울 용산구 한강대로40길 28,빕구르망,37.5300915133294,126.970820211444
오일제,서울 용산구 한강대로62다길 29,빕구르망,37.5325404365087,126.974736120327
꿉당,서울 서초구 강남대로 615,빕구르망,37.516623595266935,127.01904059777624
게방식당,서울 영등포구 여의대로 108,빕구르망,37.5260413701091,126.928298894842
역전회관,서울 마포구 토정로37길 47,빕구르망,37.5429215843826,126.947007522969
황금콩밭,서울 마포구 마포대로16길 9,빕구르망,37.550966062730375,126.95673415318058
알트에이,서울 용산구 보광로 109,빕구르망,37.5324538104,126.994474310497
니시무라멘,서울 마포구 동교로 265,빕구르망,37.5633606727732,126.92526373304
베이스 이즈 나이스,서울 마포구 도화2길 20,빕구르망,37.5396266487439,126.949101987901
마포옥,서울 마포구 토정로 312,빕구르망,37.53988170968319,126.94333796293756
3대 삼계장인,서울 서초구 반포대로28길 56-3,빕구르망,37.4913558650832,127.011556427233
사루카메,서울 마포구 연남로 15,빕구르망,37.5610362571878,126.922705882899
서교난면방,서울 마포구 동교로12길 16,빕구르망,37.553583157798776,126.91231547459776
옥동식,서울 마포구 양화로7길 44-10,빕구르망,37.5526765694055,126.914521071507
담택,서울 마포구 동교로12안길 51,빕구르망,37.554451999412265,126.91516525478129
진진,서울 마포구 월드컵북로1길 60,빕구르망,37.55376325035565,126.91845251500338
오레노 라멘,서울 마포구 독막로8길 16,빕구르망,37.54725761707835,126.91783721734951
옥돌현옥,서울 송파구 오금로36길 26-1,빕구르망,37.5015113895027,127.124075360931
합정옥,서울 마포구 양화로1길 21,빕구르망,37.549533619095335,126.91050958852588
스바루,서울 서초구 방배중앙로21길 7,빕구르망,37.4923827642292,126.986127574349
미필담,서울 마포구 성지3길 22,빕구르망,37.5466180322608,126.914211142051
정인면옥,서울 영등포구 국회대로76길 10,빕구르망,37.53077816623998,126.92157407940762
교다이야,서울 마포구 성지길 39,빕구르망,37.5468479633888,126.913219594114
삼청동 수제비,서울 종로구 삼청로 101-1,빕구르망,37.5845977743306,126.98197124938
양양 메밀 막국수,서울 서초구 동광로15길 10,빕구르망,37.4925163469457,126.9882850843
임병주 산동 칼국수,서울 서초구 강남대로37길 65,빕구르망,37.48456982587015,127.03003042469688
화해당,서울 영등포구 국회대로62길 15,빕구르망,37.52693667981763,126.91686622657583
평양집,서울 용산구 한강대로 186,빕구르망,37.5348864781984,126.973977275672
안목,서울 강남구 언주로 520,빕구르망,37.50504156856544,127.04197037949406
해목,서울 강남구 선릉로145길 14,빕구르망,37.5215248852172,127.038291830551
합천국밥집,서울 종로구 삼일대로 418-3,빕구르망,37.57201255177833,126.98797832774378
엄마순대,서울 광진구 뚝섬로 472,먹을텐데,37.53663768590743,127.0628406888746
제주삼다돈,서울 마포구 양화로11길 66,먹을텐데,37.5521349669102,126.913145563336
다람 강동본점,서울 강동구 양재대로85길 29,먹을텐데,37.524557481841605,127.13297811883766
연지민물매운탕칼국수,서울 광진구 자양번영로 56,먹을텐데,37.53446737363813,127.07627217299228
까치네,서울 용산구 한강대로84길 11-16,먹을텐데,37.5443864580033,126.973240718923
한신치킨호프,서울 서초구 신반포로23길 30,먹을텐데,37.5087818347685,127.003565002416
본가진미간장게장,서울 송파구 백제고분로 420,먹을텐데,37.50832579951229,127.1113038375213
수동상회,서울 송파구 양재대로 932,먹을텐데,37.49243000275504,127.11715917802358
삼각정,서울 용산구 한강대로 149,먹을텐데,37.532791854348616,126.9709832111394
울타리곱창,서울 중랑구 중랑역로 20,먹을텐데,37.59593056844398,127.076342790482
백암왕순대,서울 강남구 선릉로129길 13,먹을텐데,37.51607487927412,127.04050607749272
별미곱창,서울 송파구 올림픽로10길 20,먹을텐데,37.50990279583053,127.08114799045129
부산갈매기,서울 중구 남대문로 25-20,먹을텐데,37.5621299613836,126.978372903316
몽골생소금구이,서울 마포구 희우정로 93-1,먹을텐데,37.5536797865032,126.902270334715
무교동유정낙지,서울 강남구 논현로163길 10,먹을텐데,37.52414445974463,127.02725319799836
압구정진주,서울 용산구 대사관로30길 11-6,먹을텐데,37.5324880314564,127.005877553252
행화촌,서울 중구 남대문로 52-5,먹을텐데,37.5621197204854,126.981754827745
우래옥,서울 중구 창경궁로 62-29,먹을텐데,37.56821185731751,126.99871865898974
뱃고동,서울 강남구 언주로172길 54,먹을텐데,37.5268498895352,127.03804340336
인천집,서울 중구 다동길 36,먹을텐데,37.567809433105786,126.98125539498515
청석골,서울 강남구 도산대로38길 12,먹을텐데,37.5198418613472,127.032076182129
부흥축산,서울 중랑구 봉우재로 137,먹을텐데,37.59324639807221,127.08814772971428
돈푸짐감자탕,서울 송파구 백제고분로 169,먹을텐데,37.50524499419261,127.08569512309349
대포항회집,서울 양천구 오목로50길 1,먹을텐데,37.525720514950414,126.86371986266008
철길왕갈비살,서울 마포구 와우산로32길 24,먹을텐데,37.5546014246535,126.931612379904
재수돈감자탕,서울 성동구 왕십리로21길 13,먹을텐데,37.5611902775379,127.033058211281
세스크멘슬,서울 성동구 성수이로14길 7,먹을텐데,37.54105313200188,127.05640606944031
문화옥,서울 중구 창경궁로 62-5,먹을텐데,37.56807850687044,126.99846058244935
송셰프,서울 강남구 도산대로1길 40,먹을텐데,37.5193003823074,127.019614789945
국일순대국,서울 마포구 월드컵북로5길 22,먹을텐데,37.5570809679876,126.917508408748
김수사,서울 강남구 도산대로12길 7,먹을텐데,37.5172300181637,127.0237520172512
서궁,서울 영등포구 국제금융로 86,먹을텐데,37.52020494927552,126.93180215312694
준참치,서울 강북구 도봉로50길 8,먹을텐데,37.62539917224273,127.02711680586148
채원감자탕,서울 성동구 금호산길 53-1,먹을텐데,37.55313210730127,127.01928414367777
일등식당,서울 마포구 방울내로 82,먹을텐데,37.5605470785376,126.904339369294
시경양꼬치,서울 강북구 삼양로24길 19,먹을텐데,37.6170976332778,127.02201905315
성수아구찜,서울 성동구 왕십리로8길 4,먹을텐데,37.54643697563581,127.0450522843473
갯마을,서울 용산구 서빙고로 56,먹을텐데,37.523004125873726,126.97039649320064
향동가,서울 강남구 논현로136길 15,먹을텐데,37.5162930268058,127.031264765449
뉴 델리,서울 강남구 논현로176길 28,먹을텐데,37.527502569662175,127.03062459582748
이조갈비,서울 중구 다산로39길 11-12,먹을텐데,37.5639041670884,127.01486813273
서령,서울 중구 소월로 10,먹을텐데,37.55846234223722,126.975496980764
함흥냉면,서울 영등포구 영등포로42길 6,먹을텐데,37.5189660993437,126.906790582264
감초식당,서울 동대문구 약령서길 32,먹을텐데,37.57971738621976,127.03632119077804
참조은 콩,서울 동대문구 왕산로33길 16,먹을텐데,37.58019297456352,127.04215290999946
하이콴,서울 서초구 신반포로 340,먹을텐데,37.51082079502788,127.02101282235223
장모님해장국,서울 종로구 진흥로 421,먹을텐데,37.60891397086901,126.9556269571812
해봉정육,서울 강남구 테헤란로108길 25,먹을텐데,37.50774680259706,127.0665601152112
한국횟집,서울 중랑구 중랑역로 34,먹을텐데,37.5970749142667,127.07620807600146
남도보쌈파전,서울 동대문구 장한로 160,먹을텐데,37.57466069127624,127.07226842572956
크리스피포크타운,서울 용산구 녹사평대로40길 47,먹을텐데,37.5345211743162,126.988471989271
이식당,서울 종로구 평창문화로 94,먹을텐데,37.606934896700544,126.97151729261964
전라도시네마,서울 관악구 신림로59길 14,먹을텐데,37.4832691290124,126.928760388081
실비식당,서울 중구 마른내로6길 14,먹을텐데,37.5635806476055,126.995214510239
옛날감자전,서울 용산구 한강대로84길 11-9,먹을텐데,37.5439683665848,126.973118659879
삼계탕마을,서울 서초구 반포대로 287,먹을텐데,37.50448048628618,127.00095679536936
고다이,서울 용산구 한남대로18길 28,먹을텐데,37.53460610384559,127.00879112228957
함평국밥,서울 중랑구 봉우재로33길 73,먹을텐데,37.59547103832034,127.08922381130772
먹거리집,서울 중랑구 면목로91길 8,먹을텐데,37.59457288219432,127.08539094938456
풍성감자탕,서울 광진구 자양로18길 6,먹을텐데,37.53736068205312,127.08395207524046
효제루,서울 종로구 대학로 18,먹을텐데,37.57268798878592,127.00219380520566
이품,서울 서대문구 연희로11길 20,먹을텐데,37.56752620535165,126.93004757641782
초원,서울 용산구 한강대로80길 7,먹을텐데,37.54264935373663,126.9733409153184
잔비워,서울 강남구 압구정로73길 5,먹을텐데,37.5266739894404,127.046196583633
가담,서울 강남구 언주로167길 35,먹을텐데,37.5263764088911,127.030268909066
진동세꼬시,서울 용산구 한강대로104길 80,먹을텐데,37.5500355309605,126.976587256952
충북순대,서울 동작구 서달로14길 16,먹을텐데,37.5077996547454,126.963807556898
진미순대,서울 동작구 서달로14나길 24-5,먹을텐데,37.50719207904365,126.96284649628303
오소록,서울 동대문구 전농로3길 1-2,먹을텐데,37.5679928519157,127.056636915524
향미,서울 중구 남대문로 52-5,먹을텐데,37.5621017005538,126.98175483214
개화,서울 중구 남대문로 52-5,먹을텐데,37.5621089273532,126.981877068486
굴과찜사랑,서울 성동구 행당로17길 23,먹을텐데,37.56033886509209,127.03295257700374
권영수 대가전골,서울 동대문구 고산자로36길 3,먹을텐데,37.57945802812345,127.03875167673728
돈키돈까스,서울 서초구 방배천로18길 10,먹을텐데,37.48256860904783,126.9832304449192
도량,서울 종로구 자하문로6길 6,먹을텐데,37.5779682393559,126.97250417817
묵호회집,서울 중구 세종대로14길 26,먹을텐데,37.5627497910284,126.978069389944
안동집,서울 동대문구 고산자로36길 3,먹을텐데,37.579393796655545,127.03953845008228
남원통닭,서울 동대문구 홍릉로1길 47,먹을텐데,37.58031723873734,127.04235675982989
원조신촌설렁탕,서울 마포구 마포대로14길 16,먹을텐데,37.5482809161142,126.956269475672
와일드버팔로,서울 강남구 선릉로161길 15,먹을텐데,37.5272207234274,127.039202050002
딸랏,서울 강남구 압구정로50길 22,먹을텐데,37.526877937732,127.03767800713
삼호짱뚱이,서울 강남구 도산대로34길 11,먹을텐데,37.51963671546776,127.03101729816764
오띠젤리,서울 용산구 녹사평대로 168-6,먹을텐데,37.5332454284639,126.9892290909064
야래향,서울 용산구 이촌로65가길 66,먹을텐데,37.5209751672973,126.974701559082
진영면옥,서울 금천구 가산로 22-5,먹을텐데,37.4715508369451,126.900417134374
원조추어탕,서울 동작구 동작대로33가길 4,먹을텐데,37.48963591566612,126.98186293129731
이가네가마솥설렁탕,서울 은평구 진흥로 130,먹을텐데,37.607517959062285,126.9246759628357
미남옥,서울 강남구 언주로153길 12,먹을텐데,37.52294578490738,127.03219063516924
금천문,서울 용산구 한강대로 268,먹을텐데,37.54219879234613,126.97306950776444
진미식당,서울 용산구 백범로90길 46,먹을텐데,37.53667947337237,126.9701829012432
홍탁 목포집,서울 중구 청구로 86-1,먹을텐데,37.5607004681547,127.01277590559566
농부와닭동네,서울 영등포구 여의나루로 113,먹을텐데,37.525999675011725,126.93090429183272
옛날칼국수,서울 노원구 동일로 1417,먹을텐데,37.654972752624296,127.0598238649865
홍명,서울 강남구 논현로131길 10,먹을텐데,37.5145374347634,127.029458772737
이조순대국,서울 용산구 원효로41길 54,먹을텐데,37.53523046179372,126.96030950645424
해남순대국,서울 중구 다산로8길 8,먹을텐데,37.5528620692666,127.009868375983
춘향미엔,서울 성동구 왕십리로21길 26,먹을텐데,37.56046976592757,127.03202115543138
한옥정,서울 동대문구 답십리로 146-4,먹을텐데,37.5725845061263,127.056255515025
함흥면옥,서울 강남구 논현로 826,먹을텐데,37.5222250228676,127.028529660232
우미26,서울 서대문구 통일로 155-1,먹을텐데,37.5679541367558,126.964131631313
남영돈,서울 용산구 한강대로80길 17,먹을텐데,37.5427503629762,126.973775391327
주은감자탕,서울 송파구 삼학사로 71,먹을텐데,37.50368035872125,127.09682641981006
바바라스키친,서울 용산구 대사관로5길 17,먹을텐데,37.53500557319215,127.00053516383872
서부감자국,서울 은평구 서오릉로 8,먹을텐데,37.6022756264112,126.92694839825
영동장어,서울 강남구 언주로148길 8,먹을텐데,37.5203166598331,127.035338774027
대운식당,서울 강남구 역삼로5길 6,먹을텐데,37.4943252963182,127.03245426501148
첼시스하이볼,서울 강남구 도산대로85길 14,먹을텐데,37.5254330026052,127.049188053771
진미평양냉면,서울 강남구 학동로 305-3,먹을텐데,37.5161357904841,127.036047158128
왕스덕,서울 강남구 도산대로 130,먹을텐데,37.5171364587192,127.02302013048006
춘천막국수,서울 중구 다산로10길 6,먹을텐데,37.553462727154525,127.01030699031855
편의방,서울 서대문구 연희로 36,먹을텐데,37.56178534131857,126.9275289650964
강남 진해장,서울 강남구 테헤란로5길 11,먹을텐데,37.499584393000326,127.02930814350844
부자피자,서울 용산구 이태원로55가길 28,먹을텐데,37.5372427587724,126.999823492489
서대문 양꼬치,서울 마포구 동교로 249,먹을텐데,37.5621904976658,126.924194185744
동강나루터,서울 중구 을지로 99,먹을텐데,37.56642917976896,126.98897529681952
이남장,서울 강남구 봉은사로108길 21,먹을텐데,37.5135684607614,127.064450126559
부흥왕족발,서울 강남구 삼성로146길 8,먹을텐데,37.52309327329298,127.04876908841662
신림정,서울 관악구 봉천로 248,먹을텐데,37.4886319915108,126.928863845127
산동교자,서울 중구 남대문로 52-13,먹을텐데,37.56213783919516,126.98240562832072
신촌생우동,서울 마포구 대흥로 38,먹을텐데,37.54410509463979,126.93872591481384
녹동뻘낙지,서울 중구 다산로 159,먹을텐데,37.55802636792576,127.0122186169042
스시스미레,서울 강남구 도산대로55길 18,먹을텐데,37.52464339481312,127.04057179820234
을지칼국수,서울 중구 충무로 54-3,먹을텐데,37.5660348555815,126.99308186543
만포막국수,서울 중구 동호로14길 2,먹을텐데,37.55583009776269,127.0103186337626
영미 오리탕,서울 광진구 동일로60길 53,먹을텐데,37.55767441920997,127.07624489168452
일광쪽갈비,서울 동대문구 전농로 48,먹을텐데,37.56910075976985,127.05729314767052
청실홍실,서울 서초구 서래로10길 9,먹을텐데,37.4995663995735,126.998927916588
코치,서울 성동구 성덕정17길 11,먹을텐데,37.53818493709204,127.05515928911136
넘버원 양꼬치,서울 용산구 우사단로 2,먹을텐데,37.53049332089982,126.9969294986102
시골집,서울 중구 을지로20길 36,먹을텐데,37.5648384452909,126.995386474878
샤오롱바오,서울 광진구 자양번영로 20,먹을텐데,37.53144060671598,127.07534362962758
현대순대국,서울 강남구 강남대로124길 20,먹을텐데,37.5090641197919,127.024235773746
성천막국수,서울 서초구 강남대로 545-12,먹을텐데,37.5104307132493,127.020711852758
서이축산,서울 서초구 서래로 29,먹을텐데,37.49756435388765,126.9981521756046
완도 전복,서울 중구 동호로5길 2,먹을텐데,37.552657345381775,127.01199932388396
영동 설렁탕,서울 서초구 강남대로101안길 24,먹을텐데,37.51615082556445,127.01737204634458
필동면옥,서울 중구 서애로 26,먹을텐데,37.5603983847784,126.99693958989
서린낙지,서울 종로구 종로 19,먹을텐데,37.57059603004882,126.98014084529711
교동짬뽕,서울 강서구 금낭화로24나길 21,먹을텐데,37.57725372854616,126.8157556082578
버거스낵,서울 용산구 녹사평대로46길 13,먹을텐데,37.53731779421355,126.9876218326533
성수 감자탕,서울 성동구 왕십리로14길 28,먹을텐데,37.5483112965625,127.046744061046
중앙시장,서울 중구 퇴계로85길 36,먹을텐데,37.56737408602461,127.01976321851689
로코스 비비큐,서울 용산구 회나무로 83,먹을텐데,37.54098723130472,126.99554069943244
야스노야,서울 용산구 후암로 8-1,먹을텐데,37.5467265098714,126.978409039064
매치스성수,서울 성동구 뚝섬로13길 36,먹을텐데,37.54131814561456,127.05801868486232
김제식당,서울 동대문구 고산자로36길 3,먹을텐데,37.579573094412325,127.03953854489478
뉴오더클럽,서울 마포구 동교로34길 3,또간집,37.5610590758941,126.924552986639
라도집,서울 용산구 독서당로20길 9,또간집,37.5335879468988,127.00913268654
성수부두,서울 성동구 연무장길 41-26,또간집,37.5434219518814,127.054287326288
유야케도쿄,서울 서대문구 이화여대3길 28,또간집,37.55807326279892,126.9441628345876
오복순대국,서울 영등포구 도림로 465,또간집,37.51574102668877,126.89156501552227
떡도리탕,서울 강남구 테헤란로1길 28-9,또간집,37.5005001139566,127.028078078172
토리카미,서울 중구 충무로5길 21,또간집,37.5653283702735,126.991484843776
자코비버거,서울 용산구 신흥로 38,또간집,37.5417975454425,126.987421943293
카미야,서울 마포구 와우산로21길 28-6,또간집,37.552582876796265,126.9223637900431
섬집,서울 용산구 한강대로14길 8,또간집,37.52497665587376,126.96469635999026
더빛남,서울 송파구 오금로18길 5,또간집,37.51026608123815,127.11085769148724
가양칼국수,서울 영등포구 국제금융로 86,또간집,37.5202058489647,126.931799889907
이유식당,서울 중구 퇴계로88길 47,또간집,37.563445654873,127.02028283381
대흥양다리바베큐,서울 광진구 아차산로30길 39,또간집,37.53870567213866,127.06739663259648
담택,서울 마포구 동교로12안길 51,또간집,37.554451999412265,126.91516525478129
대련집,서울 종로구 종로16길 37,또간집,37.56839334531018,126.98891841085968
더 버뮤다,서울 용산구 녹사평대로 168-6,수요미식회,37.5332553510698,126.989357050611
네키드윙즈,서울 용산구 녹사평대로 174-11,수요미식회,37.5338080297208,126.98940867735
더베이커스테이블,서울 용산구 녹사평대로 244-1,수요미식회,37.5394493642832,126.98746714482
지노스뉴욕피자,서울 용산구 녹사평대로40길 46,수요미식회,37.5343987025279,126.988210990583
일키아쏘,서울 용산구 녹사평대로40길 55-7,수요미식회,37.5346547281027,126.988735928836
강가네포차빈대떡,서울 용산구 대사관로30길 15,수요미식회,37.5325868822821,127.005652075368
다운타우너 한남,서울 용산구 대사관로5길 12,수요미식회,37.5348682587621,127.000858862844
부첼리하우스,서울 용산구 독서당로 122-1,수요미식회,37.5368464299047,127.012855222915
라도집,서울 용산구 독서당로20길 9,수요미식회,37.5335976766696,127.009146038285
창수린,서울 용산구 두텁바위로 55,수요미식회,37.5460264791562,126.978166627826
구복만두,서울 용산구 두텁바위로 7,수요미식회,37.545406152402,126.972992424883
헬카페 로스터즈,서울 용산구 보광로 76,수요미식회,37.5303283499074,126.997022615803
쟈니덤플링,서울 용산구 보광로59길 33,수요미식회,37.5338250009562,126.992128689959
금홍,서울 용산구 서빙고로 17,수요미식회,37.5269056148241,126.966566172294
갯마을 한강로점,서울 용산구 서빙고로 56,수요미식회,37.5230375379877,126.970336410953
카사블랑카 샌드위치,서울 용산구 신흥로 35,수요미식회,37.5416434416454,126.987117362678
꼼모아,서울 용산구 신흥로 56,수요미식회,37.5435158711406,126.987700808787
숙이네닭발,서울 용산구 우사단로10길 47,수요미식회,37.5329059577306,126.998168614333
살선생,서울 용산구 우사단로10길 51,수요미식회,37.5327838745273,126.99833380041
강원정,서울 용산구 원효로89길 13-10,수요미식회,37.5404763992384,126.967858631268
동빙고,서울 용산구 이촌로 319,수요미식회,37.5179629692604,126.982326982438
아지겐,서울 용산구 이촌로75길 22,수요미식회,37.5207802377583,126.974503436949
또이또이베트남,서울 용산구 이태원로 136-1,수요미식회,37.5339742297808,126.989029518684
라이너스바베큐,서울 용산구 이태원로 136-13,수요미식회,37.5337893130899,126.989681914601
모터시티바이매니멀,서울 용산구 이태원로 140-1,수요미식회,37.5339943612066,126.989458885574
왕타이,서울 용산구 이태원로 151,수요미식회,37.5344734390401,126.990719103053
마라,서울 용산구 이태원로 243,수요미식회,37.5368027102701,127.000015614034
바다식당,서울 용산구 이태원로 245,수요미식회,37.5369083075217,127.000040053449
나리의집,서울 용산구 이태원로 245,수요미식회,37.5369083075217,127.000040053449
브라이리퍼블릭,서울 용산구 이태원로14길 19,수요미식회,37.5335466747814,126.99078664949
바토스 이태원점,서울 용산구 이태원로15길 1,수요미식회,37.5345949396719,126.990170576357
이태원양꼬치,서울 용산구 이태원로20길 22,수요미식회,37.5333784663622,126.99215113861
키에리,서울 용산구 이태원로26길 16-8,수요미식회,37.5333695203629,126.993181957985
치즈플로,서울 용산구 이태원로49길 19,수요미식회,37.5369807466515,126.999442645539
현대본가,서울 용산구 이태원로4길 24,수요미식회,37.5335057204785,126.975359197176
한남동자리,서울 용산구 이태원로54길 5-5,수요미식회,37.5380273294213,127.002205688127
부자피자 1호점,서울 용산구 이태원로55가길 28,수요미식회,37.537264562943,126.999802560451
다츠,서울 용산구 이태원로55나길 6,수요미식회,37.5366661151313,126.99909563226
종점숯불갈비,서울 용산구 장문로 112,수요미식회,37.5263959488037,127.001963927361
양평매운탕,서울 용산구 청파로 329,수요미식회,37.5490154875603,126.969746042406
평양집,서울 용산구 한강대로 186,수요미식회,37.5348564728986,126.973968347862
코요테살룬,서울 용산구 한강대로14가길 24,수요미식회,37.5237997380883,126.964601097248
옛집,서울 용산구 한강대로62길 26,수요미식회,37.5337916177652,126.973330039168
카카오봄,서울 용산구 한강대로62길 45-11,수요미식회,37.5327681862498,126.973801967279
대원식당,서울 용산구 한강대로62나길 16-1,수요미식회,37.5343464871621,126.974708922854
봉산집 본점,서울 용산구 한강대로62나길 24,수요미식회,37.5344370108951,126.975006002123
두에꼬제 한남점,서울 용산구 한남대로 60,수요미식회,37.5344843315796,127.008192362263
아티장베이커스 한남점,서울 용산구 한남대로18길 26,수요미식회,37.5345416023909,127.008652855488
모이,서울 용산구 한남대로18길 34,수요미식회,37.534773846086,127.009109184452
오만지아,서울 용산구 한남동 274-13,수요미식회,37.5339726161839,127.009855590655
비스테까,서울 용산구 회나무로 49,수요미식회,37.5400791131709,126.992093295467
일미집,서울 용산구 후암로 1-1,수요미식회,37.5461484932303,126.978268548767
군자네고등어김치찜,서울 마포구 대흥로 53,수요미식회,37.5455249388872,126.939521613739
맛이차이나,서울 마포구 독막로 68,수요미식회,37.5475998077326,126.920858592344
하카타분코,서울 마포구 독막로19길 43,수요미식회,37.5489170939315,126.92377466672
춘리마라탕 연남점,서울 마포구 동교로 249,수요미식회,37.5621832791545,126.924177781448
소이연남,서울 마포구 동교로 267,수요미식회,37.5635325649477,126.925377878746
이미커피,서울 마포구 동교로25길 7,수요미식회,37.5574746371768,126.921915516345
랑빠스81,서울 마포구 동교로30길 17-1,수요미식회,37.5602626166874,126.925153533842
이요이요스시 공덕점,서울 마포구 마포대로 167,수요미식회,37.5502187192036,126.953735814082
진미식당,서울 마포구 마포대로 186-6,수요미식회,37.550607750987,126.955802324859
현래장,서울 마포구 마포대로 20,수요미식회,37.5384252113104,126.94498558914
황금콩밭,서울 마포구 마포대로16길 9,수요미식회,37.5509656114371,126.956732003277
리북방,서울 마포구 마포대로1길 16,수요미식회,37.5397308784185,126.943142441441
마포백년곰탕 도하정,서울 마포구 마포대로4길 38,수요미식회,37.5380362624407,126.946583737199
락희옥 마포본점,서울 마포구 백범로 170,수요미식회,37.5442689460504,126.949280900696
굴다리식당,서울 마포구 새창로 8-1,수요미식회,37.5421160247986,126.950811737715
툭툭누들타이,서울 마포구 성미산로 161-8,수요미식회,37.5651939623586,126.924044563807
송가,서울 마포구 성미산로 197,수요미식회,37.5625922170621,126.926998255364
쿄베이커리,서울 마포구 성미산로26길 27,수요미식회,37.5626899227216,126.923084020957
봉쥬르밥상,서울 마포구 성미산로26길 37,수요미식회,37.5623073119596,126.923426455471
샐러드브라더스,서울 마포구 양화로21길 15,수요미식회,37.5589215572498,126.924986691905
레게치킨,서울 마포구 양화로23길 16,수요미식회,37.5591680446887,126.925373290489
옹달샘,서울 마포구 양화로6길 99,수요미식회,37.5484563340551,126.91971236648
옥동식,서울 마포구 양화로7길 44-10,수요미식회,37.5526647710073,126.914527535623
우동카덴,서울 마포구 양화로7안길 2-1,수요미식회,37.5516855965118,126.915068576637
시루케이크,서울 마포구 어울마당로1길 18,수요미식회,37.5467853433763,126.918269668311
빠넬로,서울 마포구 어울마당로5길 29,수요미식회,37.549390332349,126.918955201674
펠앤콜,서울 마포구 와우산로 39-21,수요미식회,37.5481634403528,126.92216581335
초마,서울 마포구 와우산로 72,수요미식회,37.5508731936877,126.923407147142
당인식당,서울 마포구 와우산로3길 50,수요미식회,37.5456167267571,126.920214893456
순대일번지,서울 마포구 월드컵로 117,수요미식회,37.5586712614622,126.907464580208
행진,서울 마포구 월드컵로 49,수요미식회,37.55366396933,126.91157988401
프롬하노이,서울 마포구 월드컵로13길 55-5,수요미식회,37.5550550001177,126.907095808249
소금집델리 망원,서울 마포구 월드컵로19길 14,수요미식회,37.5568240087168,126.908235891395
퓨전선술집,서울 마포구 월드컵로1길 7,수요미식회,37.5494610579074,126.912512343403
마산족발,서울 마포구 월드컵북로 41,수요미식회,37.557937966982,126.91811330099
리치몬드과자점,서울 마포구 월드컵북로 86,수요미식회,37.5614143292105,126.915620050544
배꼽집,서울 마포구 월드컵북로54길 17,수요미식회,37.581324224744,126.888548408154
신성각,서울 마포구 임정로 55-1,수요미식회,37.5447345766152,126.957733085076
진진,서울 마포구 잔다리로 123,수요미식회,37.557793864666,126.913272317814
이치류 본점,서울 마포구 잔다리로3안길 44,수요미식회,37.5506484547921,126.919172136773
소고산제일루,서울 마포구 잔다리로6길 40-6,수요미식회,37.5521258150144,126.921296860667
로칸다몽로,서울 마포구 잔다리로7길 18,수요미식회,37.5531072640414,126.916688799577
참식당생대구전문점,서울 마포구 토정로 311,수요미식회,37.5401674364809,126.943567328567
마포옥,서울 마포구 토정로 312,수요미식회,37.5398742377381,126.943351207119
조박집,서울 마포구 토정로37길 3,수요미식회,37.539801016627,126.944362255013
동일루,서울 마포구 포은로 75,수요미식회,37.5538237462899,126.905567945655
죽해수산,서울 서대문구 연세로5길 30,수요미식회,37.5565115529191,126.935313944991
편의방,서울 서대문구 연희로 36,수요미식회,37.5618289324287,126.927501079858
사모님돈가스,서울 서대문구 연희로11가길 39,수요미식회,37.5667428750097,126.928090227808
폴앤폴리나,서울 서대문구 연희로11길 56,수요미식회,37.5688865762036,126.929070687992
녹원쌈밥,서울 서대문구 연희로25길 22,수요미식회,37.5724812434425,126.934145957025
떡의미학,서울 서대문구 연희로25길 72,수요미식회,37.5706171509481,126.932666085304
피터팬1978,서울 서대문구 증가로 10,수요미식회,37.5693884840153,126.931759938035
명인강메밀 푸른초장,서울 서대문구 충정로 43-4,수요미식회,37.5630162425604,126.964180178209
갈현시장할머니떡볶이,서울 은평구 통일로87길 8-1,수요미식회,37.6234840551845,126.918765858296
엘림들깨수제비칼국수,서울 강북구 삼각산로 67,수요미식회,37.6399961391155,127.011775197243
쪼매매운떡볶이 공릉,서울 노원구 공릉로 208,수요미식회,37.6282707117848,127.077780007937
브로이하우스바네하임,서울 노원구 공릉로32길 54,수요미식회,37.6217075409938,127.082070094172
무수옥,서울 도봉구 도봉로165길 15,수요미식회,37.6771588328553,127.044143069676
금왕돈까스 본점,서울 성북구 성북로 138,수요미식회,37.5948315882709,126.994385116336
수연산방,서울 성북구 성북로26길 8,수요미식회,37.5950530725844,126.994835768281
하단,서울 성북구 성북로6길 14,수요미식회,37.5900307699971,127.005005368702
국시집,서울 성북구 창경궁로43길 9,수요미식회,37.5884279319395,127.004306786976
정돈 대학로본점,서울 종로구 대학로9길 12,수요미식회,37.5818105714383,127.00109839499
미갈매기살,서울 종로구 돈화문로11가길 7,수요미식회,37.5730059029369,126.991071242787
찬양집,서울 종로구 돈화문로11다길 5,수요미식회,37.5727833849504,126.990282041832
계림,서울 종로구 돈화문로4길 39,수요미식회,37.5701701402045,126.994503106903
신성일식,서울 종로구 무교로 42,수요미식회,37.5696715873639,126.979488635481
자하손만두,서울 종로구 백석동길 12,수요미식회,37.5931633475475,126.966082611819
계열사,서울 종로구 백석동길 7,수요미식회,37.5928758823147,126.965602533813
큰기와집,서울 종로구 북촌로 22,수요미식회,37.5787487295989,126.985418616851
비원떡집,서울 종로구 북촌로 33-1,수요미식회,37.5797781373572,126.984878290353
깡통만두,서울 종로구 북촌로2길 5-6,수요미식회,37.5781501001946,126.986091413804
북촌김치재,서울 종로구 북촌로2길 8,수요미식회,37.5778350343218,126.986191887225
포담,서울 종로구 사직로 133-10,수요미식회,37.5763697307986,126.973446518447
대복집,서울 종로구 사직로 137-9,수요미식회,37.5762076485932,126.973880376671
사발,서울 종로구 사직로8길 34,수요미식회,37.5735877659071,126.9724255294
백부장집 닭한마리,서울 종로구 삼봉로 100-1,수요미식회,37.571820433208,126.982689062851
일미식당,서울 종로구 삼일대로 428,수요미식회,37.5727635233966,126.987902476529
마산해물아구찜,서울 종로구 삼일대로 436-1,수요미식회,37.5736024516612,126.988019050876
원조낙원떡집,서울 종로구 삼일대로 444-1,수요미식회,37.5742227450528,126.987616519226
평안도만두집,서울 종로구 새문안로3길 30,수요미식회,37.5727371532245,126.973281404951
어바웃진스,서울 종로구 새문안로3길 30,수요미식회,37.5727371532245,126.973281404951
광화문집,서울 종로구 새문안로5길 12,수요미식회,37.571373869928,126.974982570478
크래프트루,서울 종로구 수표로28길 17-7,수요미식회,37.5730676677996,126.989452927966
이문설렁탕,서울 종로구 우정국로 38-13,수요미식회,37.5727614233366,126.983898042671
이태리재,서울 종로구 율곡로1길 74-9,수요미식회,37.5787996624483,126.981725739327
조선김밥,서울 종로구 율곡로3길 68,수요미식회,37.5785671014704,126.982221422283
플러스84,서울 종로구 인사동16길 6,수요미식회,37.575017290578,126.984242826008
얼큰한 조벡이 수제비,서울 종로구 인사동5길 15-1,수요미식회,37.5726003574112,126.985537090148
두오모,서울 종로구 자하문로16길 5,수요미식회,37.5816519092847,126.971559645911
서촌계단집,서울 종로구 자하문로1길 15,수요미식회,37.5764067520043,126.971474020182
안주마을,서울 종로구 자하문로1길 3,수요미식회,37.5764581852171,126.9721721367
취천루,서울 종로구 자하문로7길 9,수요미식회,37.5782670173888,126.971032252591
감촌,서울 종로구 종로 19,수요미식회,37.5708444878121,126.979923668151
광화문미진,서울 종로구 종로 19,수요미식회,37.5708444878121,126.979923668151
나 전복,서울 종로구 종로35길 21-4,수요미식회,37.5722345720478,127.003649527917
청진옥,서울 종로구 종로3길 32,수요미식회,37.571729636393,126.979463167521
에베레스트 레스토랑,서울 종로구 종로51가길 2-1,수요미식회,37.5725703978506,127.012503651193
목포낙지마을,서울 종로구 지봉로 12,수요미식회,37.5710595439216,127.016026541334
차니오뎅,서울 종로구 창경궁로 258-13,수요미식회,37.5837369884583,127.000723338118
와글와글족발,서울 종로구 창신길 18,수요미식회,37.5723843287421,127.010817294838
부빙,서울 종로구 창의문로 136,수요미식회,37.5927746538404,126.96544134109
BLT스테이크,서울 종로구 청계천로 279,수요미식회,37.5704485321397,127.008743829151
미당순두부,서울 종로구 청계천로 97-12,수요미식회,37.5687441175576,126.988141851664
북악정,서울 종로구 평창36길 6,수요미식회,37.6113370293913,126.977751938817
서촌스코프,서울 종로구 필운대로5가길 31,수요미식회,37.5803615334343,126.967478312141
서촌소국밥,서울 종로구 필운대로6길 17-1,수요미식회,37.5805145563227,126.969636052713
돌밭메밀꽃,서울 종로구 효자로 31-1,수요미식회,37.5789057254612,126.973698073616
빠오즈푸,서울 광진구 광나루로 373,수요미식회,37.5482417291505,127.07158079852
원조숯불소금구이,서울 광진구 광나루로12길 19,수요미식회,37.5467307611997,127.067594079252
동해해물,서울 광진구 동일로26길 16,수요미식회,37.5452498995811,127.066766689332
송화산시도삭면,서울 광진구 뚝섬로27길 48,수요미식회,37.5379044607344,127.066517439566
명봉반점,서울 광진구 뚝섬로31길 59,수요미식회,37.5381003685864,127.068668087675
옛집 광진,서울 광진구 아차산로76가길 18,수요미식회,37.5471099469833,127.10681671873
피자힐,서울 광진구 워커힐로 177,수요미식회,37.5586287308609,127.11170683593
영동막국수,서울 광진구 천호대로 581,수요미식회,37.5562772983121,127.082720789255
광주식당,서울 동대문구 경동시장로2길 51,수요미식회,37.5804832127777,127.043807882265
육전식당 1호점,서울 동대문구 난계로30길 16,수요미식회,37.5742829714908,127.024303080144
전국통일닭발,서울 동대문구 장한로6길 10,수요미식회,37.5635280951081,127.066737271164
리진,서울 동대문구 전농로 105,수요미식회,37.5743269631718,127.057330885456
목포산꽃게,서울 성동구 마장로 331,수요미식회,37.5681058476519,127.045347181462
대도식당 왕십리,서울 성동구 무학로12길 3,수요미식회,37.5674150076774,127.030656662253
죽변항,서울 성동구 상원길 40,수요미식회,37.5475596843054,127.048747341011
빙봉,서울 성동구 서울숲2길 18-14,수요미식회,37.5469051877232,127.040424870132
대성갈비,서울 성동구 서울숲4길 27,수요미식회,37.5470858998622,127.044031060021
세스크멘슬,서울 성동구 성수이로14길 7,수요미식회,37.5410611487822,127.056410488392
성일정육식당,서울 성동구 아차산로3길 9,수요미식회,37.5482951715381,127.046963925782
우동가조쿠,서울 성동구 왕십리로 215-1,수요미식회,37.5567678977556,127.042909982511
팜티진쌀국수,서울 성동구 왕십리로 58,수요미식회,37.5426958782317,127.045205280472
애리꼼닭발,서울 성동구 왕십리로22길 3,수요미식회,37.5626205440226,127.034236977625
성수아구찜,서울 성동구 왕십리로4길 10,수요미식회,37.5455780079168,127.045872166016
농부보쌈,서울 중랑구 용마산로 389,수요미식회,37.5864975696368,127.094934121888
임현숙의이화김치찌개,서울 중랑구 중랑천로 188,수요미식회,37.6013329449701,127.074453758368
양미옥,서울 중구 남대문로 27-2,수요미식회,37.5614211308706,126.978778867088
왕성식당,서울 중구 남대문시장길 18-2,수요미식회,37.5599749640043,126.976978806557
닭진미 강원집,서울 중구 남대문시장길 22-20,수요미식회,37.5595955708584,126.977064487086
부민옥,서울 중구 다동길 24-12,수요미식회,37.5675310295731,126.980177653984
진남포면옥,서울 중구 다산로 108,수요미식회,37.5534438199837,127.010147757062
홍보각,서울 중구 동호로 287,수요미식회,37.5605989670195,127.002135954676
함흥에겨울냉면,서울 중구 동호로24길 21,수요미식회,37.5601980166294,127.005238108764
만나손칼국수,서울 중구 동호로31길 29,수요미식회,37.5631809670588,127.001130152791
오장동흥남집 본점,서울 중구 마른내로 114,수요미식회,37.5643414545526,127.000542051645
평래옥,서울 중구 마른내로 21-1,수요미식회,37.5649105842504,126.990388102778
명동교자,서울 중구 명동10길 29,수요미식회,37.562573201873,126.985755097262
명동 영양센터,서울 중구 명동2길 52,수요미식회,37.5611114383997,126.983123103544
명동돈가스,서울 중구 명동3길 8,수요미식회,37.5640274873951,126.983575304265
육통령 명동본점,서울 중구 명동8나길 37-2,수요미식회,37.5611608614133,126.982833799205
하동관 명동본점,서울 중구 명동9길 12,수요미식회,37.5644336698671,126.98503102565
타지 명동점,서울 중구 명동길 73,수요미식회,37.5643902978361,126.986231381248
영덕회식당,서울 중구 무교로 32,수요미식회,37.5687660094097,126.97956155404
필동면옥,서울 중구 서애로 26,수요미식회,37.5603931606505,126.997004329544
풍년닭도리탕,서울 중구 세종대로14길 17-5,수요미식회,37.5630828214858,126.977706647884
대복,서울 중구 세종대로14길 22,수요미식회,37.5627998606316,126.977930950651
신성식당,서울 중구 세종대로14길 22-3,수요미식회,37.5626208574388,126.978064108081
홍연,서울 중구 소공로 106,수요미식회,37.5644841324893,126.980184460247
더 플라자 도원,서울 중구 소공로 119,수요미식회,37.5646641418657,126.978090221167
을지로 뱅뱅골뱅이,서울 중구 수표로 43-2,수요미식회,37.5651701068975,126.98974221833
녁,서울 중구 수표로 65,수요미식회,37.5670710889596,126.989409063096
안동장,서울 중구 을지로 124,수요미식회,37.5661128743674,126.991579946841
이나니와요스케 시청점,서울 중구 을지로 6,수요미식회,37.5653821677485,126.979208538495
조선옥,서울 중구 을지로15길 6-5,수요미식회,37.5667960482466,126.993638013279
산수갑산,서울 중구 을지로20길 24,수요미식회,37.5654116565534,126.995323167195
남포면옥,서울 중구 을지로3길 24,수요미식회,37.5671463662203,126.981675952718
안즈,서울 중구 을지로5길 19,수요미식회,37.5669394038707,126.98414050544
평안도족발집,서울 중구 장충단로 174-6,수요미식회,37.5602620387297,127.00604939208
우래옥,서울 중구 창경궁로 62-29,수요미식회,37.568218524634,126.998714470746
은주정,서울 중구 창경궁로8길 32,수요미식회,37.5686824540468,126.999757313391
목멱산방,서울 중구 퇴계로20길 71,수요미식회,37.5581161015051,126.986887946092
사랑방칼국수,서울 중구 퇴계로27길 46,수요미식회,37.5632731870055,126.991337371016
동원집,서울 중구 퇴계로27길 48,수요미식회,37.5633404921113,126.991346531232
충무로쭈꾸미불고기,서울 중구 퇴계로31길 11,수요미식회,37.5617620959161,126.992203055689
옥경이네건생선,서울 중구 퇴계로85길 7,수요미식회,37.5661001157126,127.019535484292
재구네닭발,서울 중구 퇴계로86길 26,수요미식회,37.5644043344247,127.019634759128
무화잠,서울 강남구 강남대로 292,수요미식회,37.4893966741997,127.032205066703
엘피노323,서울 강남구 강남대로 652,수요미식회,37.5195659036492,127.019091004701
닭한마리감자탕,서울 강남구 강남대로152길 14,수요미식회,37.5171506735807,127.020699344217
마산옥,서울 강남구 강남대로152길 9,수요미식회,37.5172622982684,127.020235035246
해남집,서울 강남구 강남대로160길 16,수요미식회,37.5193234435328,127.020176091348
국미당,서울 강남구 남부순환로359길 19,수요미식회,37.4861494496599,127.036221796355
현우동,서울 강남구 논현로149길 53,수요미식회,37.5170391628622,127.024306787439
삐아프,서울 강남구 논현로175길 109,수요미식회,37.5223173108567,127.020612195958
산호,서울 강남구 논현로175길 111,수요미식회,37.5223269884504,127.020399866167
한추,서울 강남구 논현로175길 68,수요미식회,37.5240817556959,127.023448636065
고래불,서울 강남구 논현로79길 62,수요미식회,37.4962758238801,127.033957316936
이도곰탕 본점,서울 강남구 논현로94길 29-5,수요미식회,37.503350683906,127.038433980546
바랗,서울 강남구 도산대로 309,수요미식회,37.5223481959895,127.035187694418
우나스,서울 강남구 도산대로 318,수요미식회,37.5218417619334,127.036895154956
호무랑,서울 강남구 도산대로 442,수요미식회,37.5233111622682,127.044119009562
새벽집 청담동점,서울 강남구 도산대로101길 6,수요미식회,37.5255635894763,127.052868425711
듀자미,서울 강남구 도산대로11길 28,수요미식회,37.5193442696835,127.022592654035
네기다이닝라운지,서울 강남구 도산대로15길 18,수요미식회,37.5194829189133,127.024038696221
카카오빈,서울 강남구 도산대로17길 43,수요미식회,37.521270690757,127.023583276135
우시야 본점,서울 강남구 도산대로27길 16,수요미식회,37.5208409446245,127.027593282658
우정양곱창,서울 강남구 도산대로30길 23,수요미식회,37.5184345618282,127.030108693825
스시선수,서울 강남구 도산대로45길 6,수요미식회,37.5228755284276,127.036456402999
갓포아키,서울 강남구 도산대로45길 8-3,수요미식회,37.5230166054488,127.036228526084
리틀넥 청담,서울 강남구 도산대로51길 17,수요미식회,37.524213555916,127.037766602443
노티드 청담,서울 강남구 도산대로53길 15,수요미식회,37.5241916888758,127.038241721129
오아시스,서울 강남구 도산대로55길 20,수요미식회,37.5247769123574,127.040603772323
스시마츠모토,서울 강남구 도산대로75길 5,수요미식회,37.5245959085667,127.04599020346
영천영화 청담점,서울 강남구 도산대로90길 3,수요미식회,37.523959970849,127.049578728066
옛골,서울 강남구 봉은사로24길 12,수요미식회,37.505931478135,127.032591387748
삼정하누,서울 강남구 봉은사로26길 12,수요미식회,37.5060777582093,127.033070877086
지니전복죽,서울 강남구 봉은사로30길 59,수요미식회,37.503692720318,127.036687513846
대가 역삼점,서울 강남구 봉은사로4길 22,수요미식회,37.5033957943852,127.026393485443
비야게레로,서울 강남구 봉은사로78길 12,수요미식회,37.5119595614492,127.052782480959
외고집설렁탕,서울 강남구 삼성로 555,수요미식회,37.5110163357276,127.053900663553
청담,서울 강남구 삼성로145길 14,수요미식회,37.5225196168443,127.04718724719
오동도,서울 강남구 삼성로71길 7,수요미식회,37.5021276273398,127.058313488007
남도사계 고운님,서울 강남구 삼성로81길 22,수요미식회,37.5043335543465,127.05590048794
평가옥 삼성점,서울 강남구 삼성로95길 37,수요미식회,37.5070042796734,127.052842667263
청국장서갈비,서울 강남구 선릉로 420,수요미식회,37.5024968609524,127.050272610094
토말,서울 강남구 선릉로121길 13,수요미식회,37.5136936431118,127.041210146181
스위츠플래닛,서울 강남구 선릉로131길 23,수요미식회,37.5172119718613,127.03909150304
대가방,서울 강남구 선릉로145길 13,수요미식회,37.5211553001199,127.038549558779
현대정육식당,서울 강남구 선릉로146길 5,수요미식회,37.5219209771471,127.040157426174
옛날집,서울 강남구 선릉로148길 38,수요미식회,37.5227034395703,127.042637520844
청담골,서울 강남구 선릉로148길 48,수요미식회,37.5227679418531,127.043405669306
레스쁘아 뒤 이부,서울 강남구 선릉로152길 33,수요미식회,37.5245580941157,127.042300440704
루비떡볶이,서울 강남구 선릉로153길 21,수요미식회,37.5246295912402,127.037633322561
이치에,서울 강남구 선릉로155길 23-3,수요미식회,37.5253756052581,127.037683021073
몽고네,서울 강남구 선릉로155길 5,수요미식회,37.5251523215424,127.039115895714
오통영 청담점,서울 강남구 선릉로158길 10,수요미식회,37.5254318588233,127.04084203546
갓포이든,서울 강남구 선릉로158길 10,수요미식회,37.5254318588233,127.04084203546
파이어벨,서울 강남구 선릉로72길 13,수요미식회,37.5003911830955,127.05220504075
농민백암순대 본점,서울 강남구 선릉로86길 40-4,수요미식회,37.5037329376349,127.052982069884
GOO STK 528,서울 강남구 압구정로 108,수요미식회,37.5228889090644,127.020600022676
대감왕족발,서울 강남구 압구정로 216,수요미식회,37.5280853233349,127.031024642567
장스테이크하우스,서울 강남구 압구정로 314,수요미식회,37.5287308923987,127.035797311464
뉴만두집,서울 강남구 압구정로 338,수요미식회,37.5279245130015,127.038877956425
한일관 압구정점,서울 강남구 압구정로38길 14,수요미식회,37.527783181798,127.032497263908
우텐더,서울 강남구 압구정로42길 25-10,수요미식회,37.5269965551744,127.035793428168
백곰막걸리,서울 강남구 압구정로48길 39,수요미식회,37.525941356205,127.037076709218
개화옥,서울 강남구 압구정로50길 7,수요미식회,37.5277407116971,127.038593901018
코지마,서울 강남구 압구정로60길 21,수요미식회,37.5258745790206,127.041962137436
볼트스테이크하우스,서울 강남구 압구정로72길 22,수요미식회,37.5250065262292,127.044974006296
마코토 청담점,서울 강남구 압구정로80길 37,수요미식회,37.5243756273018,127.043577647832
양식당더램키친,서울 강남구 압구정로8길 5,수요미식회,37.523023925535,127.021354033675
꽃새우영번지,서울 강남구 언주로 536,수요미식회,37.5061725497664,127.04134749828
짱이네 산곰장어,서울 강남구 언주로 605,수요미식회,37.5093848223642,127.037255365964
피자아이코닉,서울 강남구 언주로 615,수요미식회,37.5106397134921,127.036186123171
한성칼국수,서울 강남구 언주로148길 14,수요미식회,37.5206301397046,127.036162554013
투뿔등심,서울 강남구 언주로148길 19,수요미식회,37.5210517469492,127.036071016051
자연석돌구이,서울 강남구 언주로148길 9,수요미식회,37.5206418316433,127.035339266747
저스트스테이크,서울 강남구 언주로152길 11-7,수요미식회,37.5231487907475,127.034392804844
스시코마츠,서울 강남구 언주로165길 7-10,수요미식회,37.5252108008908,127.03224183706
탬파,서울 강남구 언주로168길 5,수요미식회,37.5266163122588,127.034032607667
대치정육식당,서울 강남구 역삼로 450,수요미식회,37.5022251407478,127.056407268867
봉화전2,서울 강남구 영동대로106길 41,수요미식회,37.5142518007581,127.064415875965
뜨락,서울 강남구 영동대로142길 13-3,수요미식회,37.524414841696,127.05555120075
대우부대찌개,서울 강남구 테헤란로25길 34,수요미식회,37.5027507897379,127.035271910674
미쓰양꼬치,서울 강남구 테헤란로64길 26,수요미식회,37.5031429702418,127.051531444143
반룡산,서울 강남구 테헤란로78길 26,수요미식회,37.5044663175718,127.055805020517
동경전통육개장,서울 강남구 테헤란로7길 22,수요미식회,37.500722082344,127.030768815378
진미평양냉면,서울 강남구 학동로 305-3,수요미식회,37.5161452524981,127.036042298778
삼성원조양곱창,서울 강남구 학동로101길 7,수요미식회,37.5209221868854,127.057637393786
대삼식당,서울 강남구 학동로41길 23,수요미식회,37.5174902364919,127.036153686218
리틀앤머치,서울 강남구 학동로56길 49,수요미식회,37.5140269064663,127.043521182563
논현양꼬치,서울 강남구 학동로6길 37,수요미식회,37.5099257078243,127.025716138998
화구닭발,서울 강동구 구천면로 354-1,수요미식회,37.5501712779405,127.138008429274
멘야세븐,서울 강동구 양재대로112길 45,수요미식회,37.5364235983896,127.142309622939
셀프하우스,서울 강동구 올림픽로 572,수요미식회,37.5325527506318,127.121818623477
고모네원조콩탕황태탕,서울 강동구 풍성로57길 13,수요미식회,37.5296598239401,127.135931383541
제주아줌마집,서울 강동구 풍성로58길 34,수요미식회,37.5274828128239,127.1351570109
멘야하나비,서울 송파구 백제고분로45길 38,수요미식회,37.5109164436053,127.107722449185
남경막국수,서울 송파구 백제고분로7길 52-29,수요미식회,37.5094744342218,127.085150160022
미타우동,서울 송파구 삼전로12길 4,수요미식회,37.5064016245817,127.090395718726
코스모스시,서울 송파구 삼전로7길 15,수요미식회,37.5054530509001,127.086908334954
주은감자탕,서울 송파구 삼학사로 71,수요미식회,37.5036784041247,127.096792714937
송파나루,서울 송파구 석촌호수로 234,수요미식회,37.5076453754084,127.102735192556
툇마루밥상,서울 송파구 송파대로22길 11,수요미식회,37.4879211374039,127.123139942175
옹아리벌교꼬막과 찜마을,서울 송파구 송파대로30길 11,수요미식회,37.4947814982071,127.118465891551
모꼬지에,서울 송파구 송파대로36길 5-13,수요미식회,37.5004721433383,127.112304449933
봉피양 방이점,서울 송파구 양재대로71길 1-4,수요미식회,37.5100103788551,127.126208782469
벽제갈비 방이본점,서울 송파구 양재대로71길 1-4,수요미식회,37.5100103788551,127.126208782469
마시리 벌교참꼬막,서울 송파구 양재대로72길 15,수요미식회,37.5093643015493,127.129096588722
서두산딤섬 2호점,서울 송파구 올림픽로32길 18-23,수요미식회,37.5138506092525,127.108164290678
차돌소풍,서울 서초구 강남대로47길 30,수요미식회,37.4885726480123,127.030017214527
시골야채된장,서울 서초구 강남대로69길 11,수요미식회,37.5014754863397,127.024267022096
한성돈까스,서울 서초구 강남대로97길 10,수요미식회,37.5147588693048,127.019094304612
먹거리양곱창,서울 서초구 강남대로99길 35,수요미식회,37.5147783722949,127.017671022342
반포치킨,서울 서초구 고무래로8길 5,수요미식회,37.5022994123256,127.010470836763
레프레미스,서울 서초구 남부순환로337길 36,수요미식회,37.4843489302432,127.020638507033
영동족발,서울 서초구 남부순환로358길 8,수요미식회,37.4845842002925,127.037999348618
소호정 본점,서울 서초구 논현로 27,수요미식회,37.4732544154171,127.048680840995
줄라이,서울 서초구 동광로 164,수요미식회,37.4947280892913,126.999977383666
도우룸,서울 서초구 동광로 99,수요미식회,37.493836355442,126.993345335831
양양메밀막국수,서울 서초구 동광로15길 10,수요미식회,37.492513372807,126.988276943125
주,서울 서초구 동광로19길 16,수요미식회,37.4932094113094,126.989338084331
버거그루72,서울 서초구 동광로39길 79,수요미식회,37.4984765462412,126.999514176857
라디치,서울 서초구 동광로39길 79,수요미식회,37.4984765462412,126.999514176857
참숯닭,서울 서초구 동산로6길 37,수요미식회,37.46967214196,127.044666702625
메종엠오,서울 서초구 방배로26길 22,수요미식회,37.4893112657139,126.994094057735
서호김밥,서울 서초구 방배중앙로 141-1,수요미식회,37.4916768903162,126.986695691024
이수통닭,서울 서초구 방배천로 92,수요미식회,37.484573287516,126.983403101465
마얘,서울 서초구 사평대로22길 14,수요미식회,37.4989604535524,126.99760965781
스시고,서울 서초구 사평대로22길 15,수요미식회,37.4989300949905,126.997890569389
라싸브어,서울 서초구 서래로 24,수요미식회,37.4970716878334,126.998453333646
브루클린더버거조인트,서울 서초구 서래로2길 27,수요미식회,37.4961065393551,126.999741716715
톰볼라,서울 서초구 서래로7길 16,수요미식회,37.4988635925062,126.997471806738
로리스 더 프라임 립,서울 서초구 서초대로 411,수요미식회,37.4981083450113,127.025922653572
호왕,서울 서초구 서초대로 91,수요미식회,37.4875540120853,126.992227735447
서귀포오분작뚝배기,서울 서초구 서초대로46길 25,수요미식회,37.4914087713325,127.010402714152
미나미,서울 서초구 서초대로58길 31-2,수요미식회,37.4933375277749,127.018115234773
하레,서울 서초구 서초중앙로28길 16,수요미식회,37.4968903865393,127.014822607421
스시효,서울 서초구 신반포로33길 27,수요미식회,37.5103682208246,127.010044199688
강남따로국밥,서울 서초구 신반포로47길 118,수요미식회,37.5155681940207,127.018825754067
해성식당,서울 강서구 까치산로 193-13,수요미식회,37.5544498556697,126.853839614814
고성막국수,서울 강서구 방화대로49길 6-7,수요미식회,37.5774423477276,126.816128838129
예진닭한마리산낙지,서울 강서구 화곡로58길 33,수요미식회,37.5528740919913,126.852744043938
남도음식전문점,서울 관악구 관악로28길 7,수요미식회,37.4854051063051,126.956506393475
갯바위,서울 관악구 남부순환로216길 13,수요미식회,37.4808785531619,126.949121625464
남도포장마차,서울 관악구 청룡2길 3,수요미식회,37.4812117661812,126.945920747563
논밭골,서울 관악구 청룡길 30,수요미식회,37.4804825842774,126.945930883191
해밀손칼국수,서울 관악구 청림6길 20,수요미식회,37.4867001808408,126.959187200407
미림분식,서울 관악구 호암로 553,수요미식회,37.4670743790165,126.931346513518
강촌숯불닭갈비 본점,서울 구로구 공원로6나길 35-2,수요미식회,37.5044324804593,126.891714600611
만두라,서울 금천구 시흥대로 97,수요미식회,37.4446821230267,126.901072369386
애플하우스,서울 동작구 동작대로27다길 29,수요미식회,37.4862850569156,126.980662610028
상도실내포장마차,서울 동작구 상도로 288,수요미식회,37.5018194033493,126.948492423252
서일순대국,서울 동작구 여의대방로22길 20,수요미식회,37.4974611469747,126.92093867558
사이공리,서울 동작구 장승배기로 151-1,수요미식회,37.5112518924065,126.940003061663
금정,서울 양천구 목동동로14길 7-1,수요미식회,37.5244860085804,126.872390652143
옥천집,서울 양천구 목동로21길 4,수요미식회,37.5255225208373,126.863291920019
안동돼지갈비,서울 양천구 목동중앙북로7가길 43,수요미식회,37.5494958799164,126.86510155185
별미볶음점 2호점,서울 영등포구 국제금융로6길 30,수요미식회,37.5217236269281,126.926603815659
신복촌,서울 영등포구 국제금융로8길 19,수요미식회,37.5207615513454,126.929136630611
다미,서울 영등포구 국제금융로8길 34,수요미식회,37.520236283731,126.927238179699
당산오돌 본점,서울 영등포구 국회대로37길 6,수요미식회,37.5275625288744,126.899817341967
정인면옥,서울 영등포구 국회대로76길 10,수요미식회,37.5306561597093,126.921557576182
대관원,서울 영등포구 당산로37길 1,수요미식회,37.5294124502066,126.897906297847
호수삼계탕,서울 영등포구 도림로 274-1,수요미식회,37.5026522880225,126.904472543578
원조마늘통닭,서울 영등포구 도림로 469-1,수요미식회,37.5158664469409,126.89117380066
사계천면관,서울 영등포구 디지털로37가길 1,수요미식회,37.4899373803571,126.898323808367
당산마루 능이버섯삼계탕,서울 영등포구 선유로54길 9,수요미식회,37.5361472067901,126.899748268402
삼거리먼지막순대국,서울 영등포구 시흥대로185길 11,수요미식회,37.491720153466,126.907241817617
길풍식당,서울 영등포구 양평로 118,수요미식회,37.5378376344984,126.894643881557
희정식당,서울 영등포구 여의나루로 117,수요미식회,37.526230418785,126.931053635796
대문점,서울 영등포구 영중로10길 30,수요미식회,37.5186045707693,126.908575915427
남도마루 여의도동점,서울 영등포구 은행로 3,수요미식회,37.5275117444834,126.919665809662
패트릭스와플,서울 영등포구 의사당대로 108,수요미식회,37.5210144173791,126.923991634451
